{"cameraMode":{"drawMode":0,"name":"Shaded","section":"Shading Mode"},"sceneLighting":false,"audioPlay":false,"sceneViewState":{"showFog":true,"showMaterialUpdate":false,"showSkybox":true,"showFlares":true,"showImageEffects":true,"showParticleSystems":true},"in2DMode":false,"pivot":{"x":0.6672089099884033,"y":1.205078125,"z":1.151534914970398},"rotation":{"x":0.5763207674026489,"y":0.01838366687297821,"z":-0.012969405390322209,"w":0.816913902759552},"size":2.6136314868927,"orthographic":true}