{"cameraMode":{"drawMode":0,"name":"Shaded","section":"Shading Mode"},"sceneLighting":false,"audioPlay":false,"sceneViewState":{"showFog":true,"showMaterialUpdate":false,"showSkybox":true,"showFlares":true,"showImageEffects":true,"showParticleSystems":true},"in2DMode":false,"pivot":{"x":-0.7269229888916016,"y":84.4306640625,"z":3.398284912109375},"rotation":{"x":0.7066594958305359,"y":-0.09639192372560501,"z":0.09814271330833435,"w":0.6940525770187378},"size":4.0917863845825199,"orthographic":true}