{"cameraMode":{"drawMode":0,"name":"Shaded","section":"Shading Mode"},"sceneLighting":false,"audioPlay":false,"sceneViewState":{"showFog":true,"showMaterialUpdate":false,"showSkybox":true,"showFlares":true,"showImageEffects":true,"showParticleSystems":true},"in2DMode":false,"pivot":{"x":-28.649791717529298,"y":4.016357898712158,"z":3.5949344635009767},"rotation":{"x":-0.0860181376338005,"y":0.07912006974220276,"z":-0.0068528857082128529,"w":-0.9931233525276184},"size":25.54733657836914,"orthographic":true}